Team,Context,Period,Avg_Minute,Std_Minute,SEM,IQR_Q1,IQR_Q3,Goal_Count,Total_Matches
ADO Den Haag,HOME,1,29.25,13.438749941865872,3.359687485466468,20.25,38.5,16,6
ADO Den Haag,HOME,2,69.0625,14.415125158434572,3.603781289608643,56.5,79.0,16,8
ADO Den Haag,AWAY,2,70.8695652173913,14.5111378785278,3.0257814120426474,61.5,83.5,23,9
ADO Den Haag,AWAY,1,25.22222222222222,13.935366677789446,4.645122225929815,8.0,32.0,9,6
Almere City,AWAY,1,23.5625,9.230158900762941,2.3075397251907352,15.75,31.0,16,7
Almere City,AWAY,2,73.86666666666666,16.970001543339716,4.381635557497925,59.0,88.5,15,9
Almere City,HOME,2,71.0,14.467204291085407,3.1570027980137536,56.0,85.0,21,9
Almere City,HOME,1,27.583333333333332,11.657680521935534,3.3652824937330688,19.0,35.0,12,6
Cambuur,AWAY,1,30.58823529411765,12.114344924145774,2.938160218083423,21.0,40.0,17,8
Cambuur,HOME,1,24.928571428571427,12.362874234604966,3.3041171215476366,15.0,33.5,14,7
Cambuur,HOME,2,71.29411764705883,14.898677398859743,3.6134600351471353,55.0,84.0,17,7
Cambuur,AWAY,2,71.41666666666667,13.297014930449842,3.8385175747568447,63.5,80.75,12,5
De Graafschap,HOME,1,16.2,12.341567392932136,3.186578998594843,6.0,22.5,15,7
De Graafschap,HOME,2,66.875,13.812434011908739,3.4531085029771846,57.0,77.25,16,7
De Graafschap,AWAY,2,73.14285714285714,14.66475178974895,3.9193197756657527,61.0,86.75,14,9
De Graafschap,AWAY,1,28.933333333333334,15.18206962489759,3.9199935212126564,17.0,42.0,15,8
FC Den Bosch,HOME,1,22.25,12.121642237185347,2.710481604127906,15.0,33.25,20,8
FC Den Bosch,HOME,2,73.38888888888889,14.745443519106619,3.47553436798784,64.5,86.0,18,8
FC Den Bosch,AWAY,1,28.72222222222222,12.422965240210452,2.9281209879325263,21.75,37.25,18,8
FC Den Bosch,AWAY,2,72.17647058823529,14.072292342212974,3.4130322189126256,60.0,86.0,17,9
FC Dordrecht,HOME,1,17.875,13.994259026982663,4.947717727830248,4.0,27.25,8,6
FC Dordrecht,AWAY,2,74.4,16.52184700847422,4.2659225541604995,60.5,88.0,15,8
FC Dordrecht,HOME,2,66.0909090909091,11.527831933668581,3.475772106386895,57.5,75.5,11,6
FC Dordrecht,AWAY,1,23.9,13.843971812870597,4.377848279184143,12.25,32.5,10,6
FC Eindhoven,HOME,2,77.5625,10.935987990727373,2.7339969976818432,68.75,86.25,16,9
FC Eindhoven,AWAY,2,70.06666666666666,15.604333952310753,4.029021701730567,54.5,86.5,15,6
FC Eindhoven,AWAY,1,22.4,14.423745853433651,4.561188928825953,10.0,31.75,10,6
FC Eindhoven,HOME,1,26.923076923076923,17.370768254271017,4.817784279613557,5.0,40.0,13,5
FC Emmen,AWAY,2,71.5,14.350866469347856,3.208951296148421,57.25,81.75,20,9
FC Emmen,AWAY,1,18.714285714285715,10.980502200328935,4.150239727523986,11.0,26.5,7,5
FC Emmen,HOME,1,25.055555555555557,11.079776076640572,2.6115282659403434,15.5,33.5,18,9
FC Emmen,HOME,2,73.36842105263158,16.05618789098593,3.6835421281741647,60.5,90.0,19,9
Helmond Sport,HOME,2,69.17647058823529,13.938414966010516,3.3805621857971384,56.0,79.0,17,8
Helmond Sport,HOME,1,27.846153846153847,10.486866022523554,2.908533320240752,22.0,34.0,13,9
Helmond Sport,AWAY,1,18.625,16.37888449018605,5.790810145640862,5.75,29.75,8,6
Helmond Sport,AWAY,2,74.91666666666667,12.086493839543929,3.4890702359097205,63.5,85.25,12,6
Jong AZ,HOME,1,20.166666666666668,12.0742651448392,3.4855401158199144,12.5,26.5,12,8
Jong AZ,HOME,2,69.26666666666667,13.899982870835625,3.588960144754316,58.5,78.0,15,7
Jong AZ,AWAY,1,21.263157894736842,14.074571654279998,3.228928184980452,8.0,33.5,19,8
Jong AZ,AWAY,2,66.64285714285714,14.610887104417102,3.9049238329687412,56.5,79.5,14,6
Jong Ajax,AWAY,1,17.416666666666668,12.37635820523317,3.5727468706893024,9.75,22.25,12,7
Jong Ajax,AWAY,2,68.70588235294117,14.30806025411181,3.470214336788521,56.0,80.0,17,8
Jong Ajax,HOME,1,17.583333333333332,11.696606604507396,3.37651948585875,8.75,27.25,12,7
Jong Ajax,HOME,2,67.94444444444444,15.501317675384975,3.653695615197202,53.25,80.5,18,8
Jong PSV,HOME,1,27.642857142857142,11.412591850550546,3.0501434714177527,18.75,34.75,14,8
Jong PSV,HOME,2,65.93333333333334,15.804459888934906,4.080693996376534,54.5,79.0,15,7
Jong PSV,AWAY,1,27.2,11.546180568234922,2.981211003538503,19.0,34.5,15,8
Jong PSV,AWAY,2,66.70833333333333,14.97673316287247,3.0571128552380653,54.0,78.5,24,9
Jong Utrecht,AWAY,2,67.88888888888889,13.961665537290434,3.29079612602553,56.75,76.5,18,8
Jong Utrecht,HOME,2,64.15789473684211,12.153020465413054,2.7880941088166917,54.0,70.5,19,7
Jong Utrecht,HOME,1,21.416666666666668,13.787071238422369,3.9799846454198513,13.25,27.0,12,6
Jong Utrecht,AWAY,1,17.142857142857142,10.367072415884365,3.9183850623182304,9.0,24.5,7,6
MVV Maastricht,AWAY,1,21.5,13.40624006674775,3.8700481556787802,10.5,34.0,12,6
MVV Maastricht,AWAY,2,71.72727272727273,15.931672285676159,4.803579932226511,58.5,88.5,11,7
MVV Maastricht,HOME,2,74.29411764705883,15.587513856779537,3.7805274160165263,60.0,89.0,17,7
MVV Maastricht,HOME,1,22.0,13.843278644756221,3.996210326008501,10.5,30.5,12,6
RKC Waalwijk,AWAY,1,26.692307692307693,13.443614440721262,3.728587784122204,16.0,39.0,13,7
RKC Waalwijk,AWAY,2,72.4,12.217084057054814,3.1544375394792956,66.0,83.5,15,8
RKC Waalwijk,HOME,1,24.0,15.170822197687446,4.054572781386522,11.25,38.5,14,9
RKC Waalwijk,HOME,2,75.875,14.333527130472806,3.5833817826182015,70.0,89.25,16,7
Roda JC,AWAY,1,29.083333333333332,10.621233735334425,3.0660860781106325,21.75,38.0,12,7
Roda JC,AWAY,2,69.3076923076923,12.970380458212057,3.5973362926430528,59.0,78.0,13,8
Roda JC,HOME,2,70.73333333333333,13.884558054938314,3.5849774744150755,59.5,81.0,15,7
Roda JC,HOME,1,29.5,12.78848914240672,3.691718824448563,20.0,39.75,12,5
TOP Oss,HOME,1,24.666666666666668,14.2828568570857,4.760952285695233,12.0,35.0,9,8
TOP Oss,HOME,2,77.71428571428571,12.844804824870288,3.432918489617534,68.0,89.5,14,8
TOP Oss,AWAY,1,23.88888888888889,14.608172124206968,3.443179189922347,9.25,34.25,18,7
TOP Oss,AWAY,2,77.3,13.736002976767942,4.343705535343962,63.5,90.0,10,6
VVV,AWAY,1,19.454545454545453,10.893701265994366,3.284574516138447,12.5,27.0,11,6
VVV,AWAY,2,66.26666666666667,12.314142082910008,3.179497813996158,57.5,76.0,15,8
VVV,HOME,1,24.285714285714285,14.896468101693163,5.630335715755219,14.5,33.5,7,7
VVV,HOME,2,69.23529411764706,15.018860691496817,3.6426087651457926,58.0,85.0,17,9
Vitesse Arnhem,AWAY,1,25.181818181818183,11.539654949938337,3.4793368799193534,18.5,33.5,11,8
Vitesse Arnhem,AWAY,2,73.38095238095238,15.308416608115259,3.3405703750765383,60.0,87.0,21,8
Vitesse Arnhem,HOME,1,26.294117647058822,11.993564450791688,2.9088666504863054,21.0,35.0,17,8
Vitesse Arnhem,HOME,2,74.4,13.276545735494103,4.198412398355677,67.0,82.75,10,8
Willem II,AWAY,1,24.3125,15.102841895925858,3.7757104739814644,13.0,35.25,16,9
Willem II,AWAY,2,69.23529411764706,15.006371195948347,3.639579617536556,53.0,81.0,17,7
Willem II,HOME,2,70.27272727272727,15.78664567975673,4.759852765276195,57.0,86.5,11,7
Willem II,HOME,1,31.833333333333332,15.510211689937268,6.332017407149514,28.25,43.25,6,4
ABB,HOME,1,33.1578947368421,10.69404381417129,2.4533819096720477,27.0,42.0,19,10
ABB,HOME,2,67.33333333333333,14.200938936093863,3.666666666666667,54.5,77.0,15,10
ABB,AWAY,1,25.045454545454547,15.53330453520917,3.3117116542764475,14.75,41.75,22,11
ABB,AWAY,2,71.51851851851852,12.783313553735018,2.4601498404614346,63.0,81.5,27,12
Always Ready,AWAY,1,26.884615384615383,13.91208661007233,2.728384657675066,15.5,38.75,26,13
Always Ready,HOME,2,70.13888888888889,13.827824491174676,2.304637415195779,60.25,82.0,36,13
Always Ready,AWAY,2,70.5,15.168105635557414,3.2338509872584122,54.75,84.5,22,8
Always Ready,HOME,1,28.608695652173914,13.72701096522931,2.86227964816983,18.5,40.0,23,11
Aurora,HOME,1,27.789473684210527,13.040871423542988,2.991781087943752,19.5,38.0,19,11
Aurora,HOME,2,76.78260869565217,12.097920639286176,2.5225908334097484,66.5,89.5,23,12
Aurora,AWAY,1,29.923076923076923,13.514209046549714,2.6503544476588132,21.0,40.75,26,11
Aurora,AWAY,2,72.28947368421052,14.403280209611493,2.336520584547764,59.25,85.75,38,12
Blooming,HOME,2,72.48148148148148,15.315578721254758,2.947484499170446,58.5,87.0,27,12
Blooming,HOME,1,21.68421052631579,10.419280373844057,2.390346853368575,15.5,28.0,19,10
Blooming,AWAY,2,73.16,13.603553457338514,2.7207106914677026,64.0,83.0,25,12
Blooming,AWAY,1,26.434782608695652,12.474796726186915,2.6011749298419793,16.0,35.0,23,12
Bolivar,HOME,1,26.476190476190474,15.167791690351788,3.3098835022075836,12.0,41.0,21,11
Bolivar,HOME,2,71.68571428571428,14.64636358918331,2.4756873007398204,61.0,87.0,35,13
Bolivar,AWAY,2,73.04761904761905,13.915732788740197,3.0366618502467086,63.0,87.0,21,12
Bolivar,AWAY,1,31.555555555555557,10.455633000345244,2.464416332047324,25.5,38.5,18,11
GV San Jose,HOME,1,28.28,12.617844506887854,2.523568901377571,19.0,36.0,25,12
GV San Jose,AWAY,2,68.5,14.876946239459384,3.506529856423146,55.75,81.5,18,11
GV San Jose,HOME,2,73.04545454545455,11.910288760352469,2.5392820957093214,65.0,81.75,22,9
GV San Jose,AWAY,1,25.7,12.273634557992914,2.7444681202662737,18.0,34.0,20,10
Guabira,AWAY,1,28.761904761904763,11.418864925660351,2.4918006129673738,23.0,39.0,21,11
Guabira,AWAY,2,70.11111111111111,14.078915903430671,2.346485983905112,57.75,83.25,36,13
Guabira,HOME,1,24.2,13.574744351571645,3.03540511472955,13.75,37.25,20,10
Guabira,HOME,2,66.07142857142857,13.094891770312213,2.474701933539461,53.0,71.75,28,12
I. Petrolero,AWAY,1,26.652173913043477,15.761312519330865,3.2864608447387123,11.5,42.5,23,11
I. Petrolero,HOME,2,68.78571428571429,15.891663649378359,3.003242138238592,54.25,84.25,28,12
I. Petrolero,AWAY,2,72.0909090909091,15.067273385477788,2.622875632587645,62.0,89.0,33,12
I. Petrolero,HOME,1,28.5,14.227546412613698,3.8024717236017955,19.75,38.5,14,9
Nacional Potosi,HOME,1,28.36842105263158,13.716213140804447,3.146715103622695,19.5,40.0,19,10
Nacional Potosi,AWAY,1,26.6875,11.585731166683725,2.8964327916709314,17.5,35.25,16,9
Nacional Potosi,HOME,2,76.42307692307692,13.381100334196967,2.624249681438972,64.25,88.5,26,12
Nacional Potosi,AWAY,2,71.88888888888889,14.74045609035331,3.4743588197571236,63.0,87.0,18,9
Oriente P.,AWAY,1,25.956521739130434,11.718199756515366,2.443413556033558,16.5,32.5,23,11
Oriente P.,AWAY,2,70.44,13.089690599857585,2.617938119971517,62.0,80.0,25,14
Oriente P.,HOME,2,77.96153846153847,13.079696538469902,2.5651395339050014,69.25,88.0,26,12
Oriente P.,HOME,1,24.9375,14.883855907212576,3.720963976803144,13.75,35.5,16,11
Real Oruro,AWAY,2,73.96551724137932,14.128195614799832,2.623540062521796,65.0,84.0,29,12
Real Oruro,AWAY,1,25.9,13.26610243003613,2.9663906830035933,13.75,35.5,20,11
Real Oruro,HOME,1,25.80952380952381,13.666085934235332,2.982184440352605,14.0,37.0,21,11
Real Oruro,HOME,2,73.8529411764706,14.85920254180059,2.5483322122647722,64.0,88.75,34,12
Real Tomayapo,AWAY,1,29.5625,15.840743879839314,3.9601859699598285,13.25,42.75,16,9
Real Tomayapo,HOME,1,22.294117647058822,12.945871474539446,3.139835029717458,8.0,29.0,17,10
Real Tomayapo,HOME,2,69.39285714285714,14.530527980298698,2.746011675309714,54.75,83.25,28,13
Real Tomayapo,AWAY,2,71.14285714285714,11.976166808648392,2.61341385409757,64.0,82.0,21,9
SA Bulo Bulo,AWAY,1,23.88235294117647,13.655961852526062,3.3120572433747277,14.0,36.0,17,10
SA Bulo Bulo,AWAY,2,71.43243243243244,15.952256093558507,2.6225347470167337,55.0,88.0,37,14
SA Bulo Bulo,HOME,1,25.75,15.824281807931825,3.538416981764883,13.25,43.25,20,11
SA Bulo Bulo,HOME,2,68.8,15.299122781870105,3.4209878536377243,56.5,83.25,20,11
The Strongest,AWAY,1,25.91304347826087,15.105426609118933,3.1496991784825803,13.0,39.0,23,12
The Strongest,AWAY,2,71.17857142857143,14.598461541035046,2.758849911551391,59.75,88.0,28,13
The Strongest,HOME,1,30.571428571428573,12.656219584848161,2.391800682838098,17.75,42.5,28,13
The Strongest,HOME,2,68.3125,14.411996570957486,2.5477051264403268,53.75,80.0,32,12
U. de Vinto,HOME,1,25.263157894736842,11.312933136032886,2.59536485763158,16.0,33.0,19,9
U. de Vinto,HOME,2,72.0,12.676578882881337,2.5875958289333063,66.0,81.25,24,12
U. de Vinto,AWAY,2,70.0952380952381,14.303512722072021,3.121282369174233,55.0,80.0,21,12
U. de Vinto,AWAY,1,26.466666666666665,12.866716012735374,3.322171789180293,15.5,37.0,15,9
Wilstermann,HOME,1,28.0,12.752896284231422,2.659162696237161,17.0,39.0,23,11
Wilstermann,AWAY,1,27.071428571428573,12.748841791824347,3.407271290227993,17.5,36.0,14,9
Wilstermann,AWAY,2,74.2,15.58578412100805,3.11715682420161,62.0,90.0,25,12
Wilstermann,HOME,2,73.85,13.390000196533153,2.9940950658183674,66.0,83.5,20,10
Bielefeld,HOME,1,25.90909090909091,12.501636256542945,3.769385157132383,17.5,33.5,11,7
Bielefeld,HOME,2,66.9375,17.074225214242276,4.268556303560569,51.5,82.25,16,7
Bielefeld,AWAY,1,26.444444444444443,11.737877907772672,3.9126259692575576,22.0,33.0,9,4
Bielefeld,AWAY,2,64.08333333333333,14.253920247575488,4.114752345972583,54.5,73.0,12,5
Braunschweig,AWAY,2,64.66666666666667,12.609520212918492,4.203173404306164,57.0,69.0,9,6
Braunschweig,HOME,1,23.454545454545453,12.840277538773346,3.871489345467209,13.5,34.0,11,6
Braunschweig,HOME,2,77.54545454545455,13.938175177286563,4.202517938664081,68.5,88.0,11,7
Braunschweig,AWAY,1,26.875,9.24951736192605,3.2701982246603074,20.5,34.5,8,5
Bochum,AWAY,1,16.77777777777778,13.77296062741938,4.59098687580646,7.0,17.0,9,4
Bochum,AWAY,2,75.06666666666666,14.06346160733382,3.6311701730154184,66.5,86.0,15,7
Bochum,HOME,2,66.875,13.238876732670983,4.680649756482228,59.5,74.0,8,5
Bochum,HOME,1,28.75,14.665313790418145,5.18497141471663,22.0,41.5,8,5
Darmstadt,HOME,1,25.6,14.59223537821856,4.614469994845923,13.5,36.25,10,5
Darmstadt,HOME,2,62.3,13.021776632497835,4.117847334065053,53.0,70.5,10,5
Darmstadt,AWAY,2,73.5,14.878294134867625,4.294993561924127,64.25,90.0,12,5
Darmstadt,AWAY,1,16.25,12.419742348374221,6.209871174187111,8.0,21.75,4,2
Dynamo Dresden,AWAY,1,21.615384615384617,15.60736183952123,4.32870333747029,9.0,37.0,13,7
Dynamo Dresden,AWAY,2,67.4,16.64131405067921,5.262445565830903,52.5,82.25,10,6
Dynamo Dresden,HOME,1,31.0,15.838470344611656,4.089475458272066,18.5,44.5,15,6
Dynamo Dresden,HOME,2,67.375,16.28265948793378,5.756789469834727,52.75,84.0,8,5
Dusseldorf,AWAY,1,32.142857142857146,15.323495809035347,5.791737018121147,27.0,43.5,7,5
Dusseldorf,AWAY,2,72.81818181818181,13.955774301830635,4.207824274368755,60.5,84.0,11,6
Dusseldorf,HOME,2,75.35714285714286,11.215423054246072,2.997447894051041,65.5,84.75,14,6
Dusseldorf,HOME,1,31.5,7.54983443527075,3.774917217635375,25.0,37.5,4,3
Elversberg,HOME,2,80.25,13.98131870487447,4.036059058942612,79.75,90.0,12,6
Elversberg,AWAY,2,75.9090909090909,11.202272496726238,3.377612242814429,66.0,84.5,11,5
Elversberg,HOME,1,26.428571428571427,16.06089601959931,6.070448100103848,15.5,40.5,7,4
Elversberg,AWAY,1,21.4,12.7558265553868,4.033746535308224,13.25,27.5,10,6
Greuther Furth,HOME,1,15.833333333333334,11.846237095944574,3.4197140881138655,7.5,25.75,12,6
Greuther Furth,HOME,2,75.36363636363636,14.651093660698011,4.417470949171807,62.5,90.0,11,6
Greuther Furth,AWAY,1,27.2,8.966604708583958,2.835489375751565,24.25,34.25,10,6
Greuther Furth,AWAY,2,73.875,14.507307004462927,2.961291641903208,62.75,88.5,24,7
FC Nurnberg,AWAY,2,78.91666666666667,12.056370125624902,3.48037426873965,73.75,90.0,12,7
FC Nurnberg,HOME,2,76.25,16.32482771731451,5.771698190307598,65.0,87.0,8,5
FC Nurnberg,AWAY,1,35.0,15.62964216755183,5.525912982097554,30.25,45.0,8,5
FC Nurnberg,HOME,1,27.166666666666668,14.770466027403018,6.030017505041848,21.25,38.25,6,3
Hannover 96,HOME,2,71.53333333333333,15.099038127673973,3.898554880815474,59.0,87.5,15,7
Hannover 96,AWAY,2,72.44444444444444,10.932876006695484,3.6442920022318277,62.0,82.0,9,5
Hannover 96,HOME,1,21.0,14.53075555994447,5.137397896100431,11.75,33.5,8,4
Hannover 96,AWAY,1,28.384615384615383,11.968976992893346,3.319596943286596,21.0,36.0,13,6
Hertha Berlin,AWAY,2,74.44444444444444,13.239251405490332,4.413083801830111,68.0,85.0,9,5
Hertha Berlin,AWAY,1,21.0,12.754084313139327,4.820590756130957,14.5,27.5,7,4
Hertha Berlin,HOME,1,27.0,17.131841699011815,7.661592523751182,13.0,38.0,5,4
Hertha Berlin,HOME,2,66.5,16.170961628796228,6.601767440112786,56.5,77.75,6,5
Holstein Kiel,AWAY,2,82.42857142857143,10.952277432222987,4.139571767921013,80.5,90.0,7,5
Holstein Kiel,AWAY,1,24.0,13.05543735171076,4.128491788104276,12.75,30.5,10,6
Holstein Kiel,HOME,1,29.6,10.237187113655782,4.578209256903839,22.0,35.0,5,3
Holstein Kiel,HOME,2,66.11111111111111,10.469532516359607,3.4898441721198687,57.0,71.0,9,6
Kaiserslautern,AWAY,2,67.21428571428571,15.413174042549901,4.119344036424229,54.25,82.0,14,7
Kaiserslautern,HOME,2,76.36363636363636,15.532370889678928,4.683186031427608,63.0,90.0,11,5
Kaiserslautern,AWAY,1,30.25,13.59840676942217,6.799203384711085,27.5,36.25,4,4
Kaiserslautern,HOME,1,21.916666666666668,14.132221940292933,4.07962107073783,10.0,30.25,12,5
Karlsruher SC,HOME,1,25.375,14.24216576628308,5.0353659960608335,14.75,35.0,8,5
Karlsruher SC,HOME,2,75.125,12.816005617976296,3.204001404494074,65.0,85.0,16,7
Karlsruher SC,AWAY,1,24.75,15.5540532154346,5.499188251785115,10.25,35.5,8,4
Karlsruher SC,AWAY,2,69.46153846153847,15.322181005628106,4.249608405210195,60.0,79.0,13,5
Magdeburg,HOME,2,77.75,11.060440015358038,2.7651100038395096,72.0,90.0,16,6
Magdeburg,AWAY,1,36.42857142857143,10.35788174704241,3.9149113160127778,32.5,43.5,7,4
Magdeburg,AWAY,2,73.625,15.819856419792726,5.593163875916487,61.5,88.5,8,5
Magdeburg,HOME,1,23.166666666666668,13.22749661374618,5.400102879678415,13.25,27.0,6,4
Paderborn,HOME,1,30.0,8.426149773176359,2.8087165910587863,26.0,36.0,9,5
Paderborn,HOME,2,70.41666666666667,16.549970246242598,4.777564888374231,54.5,85.5,12,6
Paderborn,AWAY,1,28.0,16.509737386507048,5.837073630804101,18.75,39.75,8,6
Paderborn,AWAY,2,74.0,14.071247279470288,5.744562646538029,62.0,86.0,6,5
Preuss. Munster,AWAY,1,23.0,12.14084016862095,3.6606010435446255,12.5,32.0,11,5
Preuss. Munster,AWAY,2,73.72727272727273,16.894323952682505,5.093830330705621,58.0,88.5,11,7
Preuss. Munster,HOME,2,65.66666666666667,10.957217076457237,3.163076114330875,59.5,72.5,12,6
Preuss. Munster,HOME,1,25.571428571428573,8.92295061171178,3.3725583256430047,20.5,27.5,7,6
Schalke 04,HOME,1,20.142857142857142,16.056448044618204,6.068766923584156,7.5,30.5,7,5
Schalke 04,HOME,2,78.66666666666667,8.453795991545258,3.4512477614786095,76.25,84.25,6,4
Schalke 04,AWAY,2,70.0,15.937377450509228,5.634713834792322,55.75,84.25,8,6
Schalke 04,AWAY,1,11.2,5.540758070878027,2.477902338672773,10.0,14.0,5,3
Angers,HOME,1,24.833333333333332,12.671490309614992,5.173114256529727,17.25,30.5,6,5
Angers,AWAY,2,66.5,14.47027604743216,4.575903068126431,54.25,70.0,10,5
Angers,HOME,2,71.875,12.100029515902607,4.278006461626055,68.0,78.25,8,5
Angers,AWAY,1,27.2,13.21741275741966,5.911006682452659,16.0,36.0,5,5
Auxerre,HOME,2,68.83333333333333,18.225440095280735,7.440504761849906,55.0,85.0,6,4
Auxerre,AWAY,1,20.666666666666668,12.658988901172163,4.2196629670573875,8.0,32.0,9,5
Auxerre,AWAY,2,64.11111111111111,13.090496977239296,4.363498992413098,55.0,72.0,9,5
Auxerre,HOME,1,33.5,14.798648586948742,7.399324293474371,26.0,45.0,4,4
Brest,HOME,1,20.0,13.225320068304242,3.8178210507772072,8.25,31.0,12,5
Brest,HOME,2,69.7,15.369883972669843,4.860384072615386,55.5,78.25,10,5
Brest,AWAY,2,72.16666666666667,14.134634016764593,4.0803173772379395,58.75,83.0,12,6
Brest,AWAY,1,25.666666666666668,12.639224659764539,4.2130748865881795,24.0,33.0,9,5
Le Havre,AWAY,2,74.92307692307692,13.561351570188586,3.761242188531464,67.0,88.0,13,5
Le Havre,AWAY,1,30.0,4.69041575982343,2.345207879911715,27.75,32.75,4,3
Le Havre,HOME,1,24.0,16.25576820700886,5.418589402336287,10.0,40.0,9,5
Le Havre,HOME,2,72.5,17.312258249988236,6.120807603109717,58.75,88.5,8,6
Lens,HOME,1,25.555555555555557,12.390632662530908,4.1302108875103025,17.0,28.0,9,6
Lens,AWAY,1,31.1,14.586523460601112,4.612663727898085,16.5,43.75,10,5
Lens,HOME,2,70.22222222222223,14.245857097572065,4.748619032524021,60.0,78.0,9,6
Lens,AWAY,2,73.625,15.013684234248243,5.308138966315245,60.75,87.75,8,5
Lille,AWAY,1,26.5,11.722993279387795,4.144704021829717,22.25,33.25,8,5
Lille,AWAY,2,72.3125,15.952925541521635,3.9882313853804088,59.75,87.25,16,7
Lille,HOME,2,78.73333333333333,13.915390588772393,3.5929384004191265,71.5,90.0,15,5
Lille,HOME,1,27.833333333333332,14.133883637085267,5.770133832455227,15.75,38.5,6,4
Lorient,AWAY,2,72.14285714285714,18.78322453173373,7.0993915615507275,56.0,89.5,7,6
Lorient,HOME,1,33.0,15.75595125658873,5.251983752196243,31.0,44.0,9,5
Lorient,HOME,2,69.71428571428571,16.171403331630984,3.5288895171838117,53.0,86.0,21,7
Lorient,AWAY,1,23.22222222222222,11.659521621595134,3.886507207198378,16.0,30.0,9,6
Marseille,AWAY,2,68.53846153846153,15.141638972358002,4.199535054569281,53.0,78.0,13,6
Marseille,HOME,1,22.846153846153847,8.74496191954882,2.4254160463779435,18.0,28.0,13,7
Marseille,HOME,2,77.66666666666667,12.044036845236391,2.8388067087090953,70.5,90.0,18,6
Marseille,AWAY,1,22.8,9.066421565314508,4.054626986542658,17.0,30.0,5,3
Lyon,AWAY,1,20.857142857142858,15.603723609324488,5.897653170979967,9.0,32.0,7,5
Lyon,HOME,1,28.0,3.3806170189140663,1.1952286093343936,25.0,30.25,8,4
Lyon,HOME,2,76.36363636363636,15.285762835218446,4.608830905343522,67.5,88.5,11,7
Lyon,AWAY,2,73.9,15.38000144487784,4.863583498249459,59.75,88.5,10,3
Metz,HOME,2,76.22222222222223,15.327897587224559,5.10929919574152,69.0,87.0,9,5
Metz,AWAY,1,19.916666666666668,13.707717357441945,3.9570771531472064,7.5,28.5,12,6
Metz,AWAY,2,74.19047619047619,15.516504270031467,3.3859788256440337,64.0,86.0,21,7
Metz,HOME,1,23.666666666666668,10.598742063723098,6.11918658356194,14.0,35.0,3,3
Nantes,HOME,2,79.18181818181819,12.38400728212142,3.7339186868932455,71.0,89.5,11,6
Nantes,AWAY,2,66.77777777777777,14.350764594419505,4.783588198139835,56.0,77.0,9,5
Nantes,HOME,1,26.22222222222222,16.330782113678588,5.443594037892862,8.0,41.0,9,5
Nantes,AWAY,1,20.8,19.690099034794112,8.805679985100525,4.0,38.0,5,3
Monaco,HOME,1,28.416666666666668,14.761487565672885,4.2612744098402775,19.0,40.5,12,6
Monaco,HOME,2,68.625,14.150971698084906,3.5377429245212264,59.0,77.75,16,7
Monaco,AWAY,2,78.1875,12.432316759156356,3.108079189789089,73.0,89.25,16,6
Monaco,AWAY,1,30.857142857142858,15.614401167176531,5.90168890850654,19.5,43.0,7,4
Nice,HOME,2,71.72727272727273,15.153157486747832,4.568848888427944,57.0,87.5,11,7
Nice,HOME,1,23.0,12.814921857827391,4.052434110781102,13.5,32.0,10,5
Nice,AWAY,2,68.36363636363636,14.800491392333752,4.462516060114167,54.5,80.0,11,7
Nice,AWAY,1,29.23076923076923,14.526721620022911,4.028987666567994,13.0,42.0,13,6
Paris SG,AWAY,2,71.07692307692308,16.899021364473242,4.686945233443823,51.0,89.0,13,7
Paris SG,HOME,2,64.77777777777777,16.399525738400012,5.46650857946667,51.0,79.0,9,6
Paris SG,AWAY,1,23.636363636363637,12.500181816859524,3.768946627067827,11.5,32.0,11,4
Paris SG,HOME,1,24.833333333333332,12.512660255384011,5.108272158415646,17.75,31.25,6,4
Paris FC,AWAY,1,23.818181818181817,11.02559006872813,3.3243404863854558,15.5,31.0,11,6
Paris FC,AWAY,2,74.16666666666667,14.089540500497224,4.067300000360103,62.5,85.0,12,6
Paris FC,HOME,1,25.545454545454547,13.808429573008192,4.163398167065054,18.5,35.0,11,6
Paris FC,HOME,2,71.15384615384616,13.969288659091617,3.874383580162494,58.0,81.0,13,4
Rennes,HOME,2,73.07142857142857,15.32451171622311,4.095648032979287,61.75,88.25,14,6
Rennes,AWAY,1,29.5,12.071217242444348,4.267819784654187,21.75,37.5,8,5
Rennes,AWAY,2,66.08333333333333,14.755327748636999,4.259496223828363,53.25,79.5,12,6
Rennes,HOME,1,23.375,14.080761951785746,4.978301130190613,12.75,35.75,8,5
Toulouse,AWAY,2,79.1,14.448760039071404,4.56909910886891,68.0,90.0,10,5
Toulouse,HOME,2,67.4,15.467939192314628,3.993804726132237,53.0,81.5,15,5
Toulouse,HOME,1,18.77777777777778,15.130910231854674,5.043636743951558,8.0,31.0,9,4
Toulouse,AWAY,1,26.0,18.452642087245934,8.252272414311102,14.0,44.0,5,5
Strasbourg,AWAY,2,72.88235294117646,15.036964258707508,3.6469995251346248,60.0,86.0,17,7
Strasbourg,HOME,2,66.4,14.695966404814232,3.7944822094846136,55.0,79.5,15,7
Strasbourg,AWAY,1,22.88888888888889,12.917473093105752,4.305824364368584,9.0,31.0,9,5
Strasbourg,HOME,1,26.666666666666668,13.650396819628845,7.881060278357926,11.0,36.0,3,3
Arsenal,AWAY,1,26.4,11.802542099056458,5.278257288158659,14.0,35.0,5,4
Arsenal,HOME,1,31.666666666666668,12.864680330268607,4.288226776756202,32.0,39.0,9,7
Arsenal,HOME,2,67.54545454545455,18.21188423180664,5.491089702026591,51.5,84.5,11,6
Arsenal,AWAY,2,71.11111111111111,16.488211276882375,5.496070425627458,58.0,84.0,9,5
Aston Villa,AWAY,1,25.22222222222222,16.649157469507113,5.549719156502371,9.0,37.0,9,5
Aston Villa,HOME,1,24.714285714285715,12.338480264525904,4.663507190916284,20.0,32.5,7,5
Aston Villa,HOME,2,68.11111111111111,12.00462873691274,4.001542912304246,63.0,78.0,9,5
Aston Villa,AWAY,2,69.0,11.510864433221338,3.8369548110737792,60.0,77.0,9,5
Bournemouth,AWAY,2,72.3125,15.22155817691912,3.80538954422978,63.0,88.25,16,6
Bournemouth,AWAY,1,24.642857142857142,12.376200130505714,3.307678617035666,15.5,36.0,14,7
Bournemouth,HOME,1,22.166666666666668,13.87683921743949,5.665195887561564,12.75,32.5,6,4
Bournemouth,HOME,2,73.22222222222223,12.833333333333332,4.277777777777778,69.0,81.0,9,4
Brentford,AWAY,2,76.3,14.974422637729084,4.735328218121034,72.5,88.5,10,7
Brentford,AWAY,1,30.3,14.095310488874581,4.457328547210512,22.25,41.5,10,6
Brentford,HOME,1,23.2,14.950287994253191,4.727696173731039,9.75,33.0,10,6
Brentford,HOME,2,80.07692307692308,12.6125700424982,3.498097538739099,78.0,90.0,13,5
Brighton,HOME,2,75.21428571428571,10.941653449994668,2.9242798896209377,67.75,83.75,14,7
Brighton,AWAY,1,27.0,9.345230512584124,3.5321651258386084,22.0,29.0,7,6
Brighton,AWAY,2,75.58333333333333,16.07063009079456,4.639191304483569,61.0,90.0,12,6
Brighton,HOME,1,28.818181818181817,13.614831484951857,4.1050261472275045,20.0,39.0,11,6
Burnley,AWAY,1,29.272727272727273,12.892563043017544,3.8872540181538033,19.5,40.0,11,6
Burnley,AWAY,2,76.35,13.136029200557326,2.9373054246868397,64.5,90.0,20,7
Burnley,HOME,2,76.2,18.633303518163384,8.333066662399862,68.0,88.0,5,4
Burnley,HOME,1,24.285714285714285,14.862865198364746,5.617635012107114,16.0,36.0,7,5
Chelsea,AWAY,1,25.818181818181817,13.467131705141831,4.060492988023144,14.5,36.0,11,6
Chelsea,AWAY,2,68.58333333333333,16.155259955891278,4.663621842181106,53.5,84.25,12,6
Chelsea,HOME,1,21.8,15.172343260024142,6.78527818147495,14.0,24.0,5,4
Chelsea,HOME,2,71.0,16.186414056238647,4.672615256292063,58.25,90.0,12,6
Everton,AWAY,2,65.125,13.56926674511191,4.797460265598872,57.25,78.25,8,6
Everton,HOME,1,28.666666666666668,15.362291495737216,5.120763831912405,19.0,45.0,9,6
Everton,HOME,2,72.5,13.948886284267592,4.931676040802819,63.25,83.0,8,6
Everton,AWAY,1,20.571428571428573,10.195704043977589,3.853613905940036,12.5,29.0,7,4
Crystal Palace,HOME,1,26.166666666666668,14.358505028959897,5.861835131689658,14.25,36.75,6,5
Crystal Palace,HOME,2,71.4,15.994443479603229,5.057887130237509,58.5,88.5,10,5
Crystal Palace,AWAY,1,35.6,8.648699324175862,3.867815921162743,37.0,39.0,5,5
Crystal Palace,AWAY,2,70.125,11.945561040463046,4.223393608394625,66.75,76.5,8,4
Fulham,AWAY,2,69.92307692307692,16.126900603554393,4.4727974646481945,56.0,84.0,13,7
Fulham,HOME,2,66.07692307692308,13.413062901897405,3.720114311831916,57.0,75.0,13,7
Fulham,AWAY,1,22.571428571428573,19.311975066066676,7.2992404786132274,5.0,41.0,7,5
Fulham,HOME,1,31.25,13.791819521523827,4.8761445542852515,19.25,41.0,8,3
Leeds Utd,HOME,2,68.88888888888889,17.039985654662715,5.679995218220905,54.0,84.0,9,6
Leeds Utd,AWAY,1,23.75,14.918719174854852,4.30666326578344,12.5,35.25,12,6
Leeds Utd,AWAY,2,70.91666666666667,15.837001170063923,4.5717484443464125,62.0,90.0,12,6
Leeds Utd,HOME,1,21.666666666666668,14.525839046333951,4.8419463487779835,8.0,34.0,9,5
Liverpool,HOME,1,26.0,16.565023392678924,6.762642481555072,14.75,36.0,6,5
Liverpool,HOME,2,71.42857142857143,14.399328433668682,3.8483823998871767,59.5,82.5,14,7
Liverpool,AWAY,1,28.375,16.911006559549993,5.978943707473992,12.75,45.0,8,5
Liverpool,AWAY,2,75.92857142857143,16.466582877098446,4.400879389787193,60.75,90.0,14,7
Manchester City,AWAY,1,28.5,13.745706400343508,4.3467740273039785,17.5,37.0,10,6
Manchester City,AWAY,2,69.07692307692308,12.880615529168487,3.572439980765747,61.0,78.0,13,5
Manchester City,HOME,1,26.916666666666668,13.358404459252224,3.8562392052465846,17.75,35.75,12,6
Manchester City,HOME,2,67.53846153846153,13.866118085795707,3.8457692115365387,60.0,68.0,13,6
Manchester Utd,HOME,1,24.11111111111111,10.178954323068314,3.392984774356105,14.0,31.0,9,6
Manchester Utd,AWAY,2,70.93333333333334,15.581429728396312,4.023107856545338,56.0,84.0,15,7
Manchester Utd,HOME,2,73.0909090909091,14.194749349351296,4.2798779622672445,59.5,86.5,11,4
Manchester Utd,AWAY,1,22.0,12.375090187261552,4.375255094603872,15.5,32.5,8,6
Newcastle Utd,HOME,2,74.6470588235294,14.594267609538463,3.53962981662692,63.0,88.0,17,6
Newcastle Utd,HOME,1,29.0,7.788880963698615,3.8944404818493075,26.25,34.25,4,4
Newcastle Utd,AWAY,2,75.125,13.238876732670983,4.680649756482228,66.25,85.5,8,4
Newcastle Utd,AWAY,1,27.875,17.365297907855524,6.1395599539846035,19.75,42.0,8,4
Nottm Forest,HOME,1,29.625,16.088483014699854,5.688137719349427,14.5,42.75,8,5
Nottm Forest,HOME,2,73.07692307692308,17.211728261380077,4.773674521981426,52.0,88.0,13,6
Nottm Forest,AWAY,2,65.0,15.165750888103101,5.361902647381804,54.25,78.25,8,5
Nottm Forest,AWAY,1,27.0,12.96148139681572,4.898979485566356,22.5,35.0,7,5
Sunderland,HOME,2,72.26666666666667,15.27119916082309,3.9430066684323,64.0,86.0,15,7
Sunderland,AWAY,2,76.16666666666667,16.436747447918847,6.7102740463991335,70.5,87.0,6,4
Sunderland,AWAY,1,20.6,14.553350129781116,6.508456038109192,8.0,31.0,5,3
Sunderland,HOME,1,19.833333333333332,10.870449239413551,4.437842318564782,15.0,26.5,6,4
Tottenham,HOME,1,16.625,14.831794997812734,5.243831410061049,5.0,32.5,8,6
Tottenham,HOME,2,74.44444444444444,14.833333333333334,4.944444444444445,60.0,90.0,9,5
Tottenham,AWAY,1,32.72727272727273,11.790597178183207,3.5549988085688042,27.0,42.0,11,5
Tottenham,AWAY,2,69.07692307692308,15.692150577393456,4.352219502237996,57.0,82.0,13,6
West Ham Utd,AWAY,2,76.84615384615384,11.79580542570221,3.271567792135819,67.0,88.0,13,7
West Ham Utd,HOME,1,29.181818181818183,14.911862270140386,4.4960956432284505,19.0,40.0,11,5
West Ham Utd,HOME,2,70.07142857142857,16.68008617259739,4.457940545694637,57.25,89.25,14,7
West Ham Utd,AWAY,1,20.0,13.769531582446804,5.621387729022079,12.0,30.75,6,4
Wolverhampton,HOME,1,29.071428571428573,12.916681436834283,3.4521283221954886,21.0,38.5,14,5
Wolverhampton,HOME,2,72.88888888888889,11.952452096164667,3.9841506987215554,63.0,81.0,9,6
Wolverhampton,AWAY,1,14.5,10.847426730181986,5.423713365090993,7.75,19.25,4,4
Wolverhampton,AWAY,2,69.66666666666667,13.910427743243554,4.636809247747851,62.0,75.0,9,5
Beroe,HOME,1,28.0,19.407902170679517,9.703951085339758,13.75,44.25,4,3
Beroe,HOME,2,71.0,16.1245154965971,4.47213595499958,56.0,85.0,13,6
Beroe,AWAY,1,33.92857142857143,11.763465513152187,3.143918402239028,27.75,44.5,14,7
Beroe,AWAY,2,73.3076923076923,16.52465135983518,4.583113675927037,59.0,89.0,13,5
Arda,AWAY,2,81.55555555555556,8.70504323813373,2.90168107937791,73.0,89.0,9,5
Arda,HOME,1,30.0,11.090536506409418,3.343922574136277,23.5,39.0,11,7
Arda,HOME,2,71.5,19.521782705480565,7.969734416319448,54.5,88.0,6,5
Arda,AWAY,1,27.272727272727273,13.184012356569674,3.9751292925591724,19.5,37.5,11,6
Botev Plovdiv,HOME,1,32.888888888888886,11.645218379708947,3.8817394599029824,27.0,43.0,9,7
Botev Plovdiv,AWAY,2,71.3076923076923,15.829216738806204,4.390234815553741,59.0,81.0,13,7
Botev Plovdiv,AWAY,1,21.90909090909091,12.509632652116894,3.77179616111366,14.5,28.0,11,6
Botev Plovdiv,HOME,2,73.08333333333333,8.701706555021088,2.5119663109752786,68.75,77.0,12,7
CSKA 1948 Sofia,HOME,2,69.4375,12.132428995602378,3.0331072489005946,60.5,77.25,16,8
CSKA 1948 Sofia,AWAY,2,70.83333333333333,13.743317935592842,3.9673541548365696,60.75,78.5,12,7
CSKA 1948 Sofia,AWAY,1,34.111111111111114,11.752068375869461,3.9173561252898206,31.0,43.0,9,7
CSKA 1948 Sofia,HOME,1,27.0,15.2567765523793,4.077545048969248,13.75,42.25,14,7
Botev Vratsa,AWAY,1,17.88888888888889,11.559027256266468,3.853009085422156,13.0,24.0,9,5
Botev Vratsa,AWAY,2,64.11111111111111,15.972198067614586,5.3240660225381955,50.0,71.0,9,6
Botev Vratsa,HOME,2,73.45454545454545,15.667569284120855,4.723949881120548,64.0,83.5,11,7
Botev Vratsa,HOME,1,18.0,4.242640687119285,2.9999999999999996,15.0,21.0,2,1
CSKA Sofia,AWAY,1,28.0,13.683932183404009,4.561310727801336,18.0,38.0,9,5
CSKA Sofia,HOME,1,26.8,15.901083121738735,5.028363992835487,10.5,38.5,10,7
CSKA Sofia,HOME,2,75.53846153846153,17.751128530393895,4.923277239514379,59.0,90.0,13,6
CSKA Sofia,AWAY,2,72.66666666666667,14.062361110425233,4.687453703475078,70.0,77.0,9,7
Cherno More,AWAY,1,22.9,14.677647404585427,4.641479649134888,10.5,33.5,10,6
Cherno More,HOME,1,26.5,10.099504938362077,3.5707142142714248,18.75,31.5,8,7
Cherno More,HOME,2,76.4,15.385418782441741,4.86529661080505,60.5,90.0,10,6
Cherno More,AWAY,2,69.44444444444444,15.150174183083763,5.050058061027921,57.0,79.0,9,6
Levski Sofia,HOME,1,22.8,16.074825037928093,5.083306010855533,8.75,37.0,10,6
Levski Sofia,HOME,2,72.38888888888889,12.756262078768303,3.0066798061632913,63.0,83.25,18,8
Levski Sofia,AWAY,2,68.91666666666667,15.270043956198766,4.408081994324388,56.5,82.75,12,6
Levski Sofia,AWAY,1,27.636363636363637,11.655665809148163,3.5143154700653296,20.0,37.0,11,7
Dobrudzha,AWAY,1,24.857142857142858,13.524093274637636,3.614465964319121,14.25,34.0,14,8
Dobrudzha,HOME,1,27.9,15.552420318965721,4.918107133621408,18.0,40.75,10,8
Dobrudzha,HOME,2,73.54545454545455,12.730778737874886,3.8384742147786612,64.0,83.0,11,7
Dobrudzha,AWAY,2,68.71428571428571,14.407339399466807,5.445462443584548,58.5,76.0,7,6
Lok. Plovdiv,HOME,1,19.428571428571427,12.66039945205973,4.785181206984065,11.5,28.0,7,5
Lok. Plovdiv,AWAY,1,31.0,12.951833846988619,4.317277948996206,23.0,41.0,9,8
Lok. Plovdiv,HOME,2,81.8,14.635573101180562,6.545227268781429,84.0,90.0,5,3
Lok. Plovdiv,AWAY,2,75.93333333333334,11.689229882164831,3.018146177574298,68.0,87.0,15,7
Lokomotiv Sofia,HOME,1,24.75,13.177361539506197,4.658900851365818,18.25,34.25,8,5
Lokomotiv Sofia,AWAY,2,68.61538461538461,12.50692116082439,3.46879581104138,62.0,77.0,13,6
Lokomotiv Sofia,AWAY,1,20.0,5.477225575051661,2.449489742783178,19.0,19.0,5,5
Lokomotiv Sofia,HOME,2,72.75,14.479048903255253,5.119116832311716,65.25,80.25,8,5
Ludogorets,HOME,1,24.09090909090909,12.89538324715125,3.8881043416941408,17.0,27.5,11,7
Ludogorets,HOME,2,66.16666666666667,14.916941761472138,4.306150170735955,52.25,77.25,12,7
Ludogorets,AWAY,2,76.36363636363636,14.080289253227203,4.24536694478437,69.0,90.0,11,6
Ludogorets,AWAY,1,23.5,17.246117575517438,6.09742334339444,9.0,40.75,8,5
Montana,AWAY,1,21.5,13.641514178818607,3.93796594164751,10.75,31.25,12,6
Montana,AWAY,2,70.25,13.150354298718273,3.796180297151974,60.25,76.5,12,6
Montana,HOME,1,23.642857142857142,13.28739797909828,3.551206485678444,11.75,33.5,14,8
Montana,HOME,2,59.111111111111114,9.25262725452134,3.0842090848404466,54.0,61.0,9,5
Septemvri Sofia,AWAY,1,28.454545454545453,14.521457477564958,4.37838416928943,16.5,41.0,11,8
Septemvri Sofia,AWAY,2,72.57142857142857,15.480863763277,3.3782014294531324,55.0,85.0,21,7
Septemvri Sofia,HOME,1,29.75,13.33570054743691,3.8496851504474696,21.0,44.0,12,7
Septemvri Sofia,HOME,2,72.9375,12.94330586313507,3.2358264657837674,66.75,84.0,16,8
Slavia Sofia,HOME,2,64.8,16.05407528739458,5.0767443635989125,52.5,78.5,10,6
Slavia Sofia,HOME,1,26.714285714285715,11.996336437099783,3.2061557745785563,19.5,37.0,14,7
Slavia Sofia,AWAY,1,31.0,16.95877354056006,6.9233903062974385,20.0,44.5,6,4
Slavia Sofia,AWAY,2,74.66666666666667,11.388457740052852,3.2875645709370955,68.5,84.0,12,8
Spartak Varna,AWAY,2,66.11111111111111,16.69913504080709,5.566378346935696,50.0,79.0,9,7
Spartak Varna,AWAY,1,26.142857142857142,15.126451130702263,5.71726113011571,17.0,34.0,7,6
Spartak Varna,HOME,2,76.1875,12.166723744158354,3.0416809360395884,69.5,87.5,16,8
Spartak Varna,HOME,1,27.0,16.090652283518246,4.644971213662963,13.5,39.75,12,7
Alverca,AWAY,1,31.11111111111111,15.495519065559279,5.165173021853093,19.0,45.0,9,4
Alverca,AWAY,2,76.88888888888889,14.312970031098057,4.770990010366019,68.0,90.0,9,6
Alverca,HOME,1,27.6,17.715028146244144,5.601983775612191,11.75,43.25,10,6
Alverca,HOME,2,74.6,15.241391012633985,6.816157275180789,70.0,85.0,5,4
AVS,AWAY,2,72.0,13.481468762712764,4.493822920904255,62.0,78.0,9,5
AVS,AWAY,1,24.666666666666668,10.227710428344196,2.9524856844990324,19.25,29.0,12,5
AVS,HOME,1,27.428571428571427,17.77504939380988,6.718337176844335,11.5,44.0,7,5
AVS,HOME,2,67.88888888888889,13.232955494186138,4.410985164728713,59.0,71.0,9,6
Arouca,HOME,1,23.11111111111111,12.623831078999398,4.207943692999799,12.0,31.0,9,6
Arouca,HOME,2,69.13333333333334,14.10606083855278,3.6421692472202363,59.0,80.5,15,6
Arouca,AWAY,1,27.166666666666668,14.050773730447816,4.056108997798284,17.5,36.25,12,4
Arouca,AWAY,2,69.81818181818181,15.250037257778631,4.598059238453827,56.5,81.0,11,4
Benfica,AWAY,2,70.9,14.820781205980863,4.6867425313916655,60.0,86.5,10,5
Benfica,HOME,1,24.555555555555557,12.738829529347575,4.246276509782525,17.0,31.0,9,4
Benfica,HOME,2,77.0,16.3707055437449,5.176871642217914,61.25,90.0,10,5
Benfica,AWAY,1,31.333333333333332,22.81081614790083,13.169830843425608,5.0,45.0,3,2
Casa Pia,HOME,1,35.44444444444444,9.951270159018787,3.3170900530062624,33.0,42.0,9,4
Casa Pia,HOME,2,72.18181818181819,15.439029644496328,4.655042587088039,63.5,84.5,11,5
Casa Pia,AWAY,1,18.1,11.19970237699794,3.541656862731528,9.5,23.75,10,6
Casa Pia,AWAY,2,64.55555555555556,11.71655998054795,3.9055199935159837,57.0,67.0,9,6
Estoril,HOME,1,23.77777777777778,14.069273060270188,4.689757686756729,12.0,36.0,9,5
Estoril,HOME,2,66.125,13.705447300773722,4.845607362785981,52.75,75.75,8,5
Estoril,AWAY,1,29.9,14.7305427221433,4.658206617238966,16.0,42.75,10,6
Estoril,AWAY,2,73.7,13.115300648902833,4.147422224841727,64.5,84.75,10,5
Estrela Amadora,AWAY,2,68.0,13.784048752090222,5.209880722517276,59.5,78.5,7,3
Estrela Amadora,AWAY,1,29.666666666666668,13.000000000000002,4.333333333333334,25.0,36.0,9,4
Estrela Amadora,HOME,2,66.0,13.549907748763458,5.531726674375733,60.5,69.0,6,5
Estrela Amadora,HOME,1,35.333333333333336,9.340770846134703,3.113590282044901,28.0,45.0,9,5
FC Porto,HOME,1,26.625,12.938729237669142,4.574531591946249,18.0,34.0,8,5
FC Porto,HOME,2,69.0,13.2664991614216,6.6332495807108,63.0,79.0,4,3
FC Porto,AWAY,1,21.142857142857142,14.404033826542843,5.444213054456348,12.5,28.0,7,5
FC Porto,AWAY,2,64.66666666666667,14.747881203752625,4.915960401250875,52.0,74.0,9,5
Famalicao,HOME,1,23.333333333333332,13.185851002747857,5.383101130183027,17.5,32.5,6,4
Famalicao,HOME,2,69.33333333333333,18.876793513023692,10.89852181618121,53.0,90.0,3,3
Famalicao,AWAY,2,66.88888888888889,15.671984912930178,5.223994970976726,57.0,80.0,9,5
Famalicao,AWAY,1,33.0,16.97056274847714,11.999999999999998,21.0,45.0,2,2
Gil Vicente,AWAY,1,25.666666666666668,17.741194999210173,5.9137316664033905,11.0,45.0,9,5
Gil Vicente,HOME,1,25.333333333333332,12.53262409340784,5.116422361159972,16.25,34.25,6,5
Gil Vicente,HOME,2,67.75,22.911059920192837,11.455529960096419,48.5,86.25,4,3
Gil Vicente,AWAY,2,69.33333333333333,18.009256878986797,10.397649306988148,51.0,87.0,3,2
Guimaraes,AWAY,1,31.8,11.861703081766969,5.304714883949937,32.0,41.0,5,4
Guimaraes,AWAY,2,76.42857142857143,19.83983486874444,7.498752730755083,64.0,90.0,7,6
Guimaraes,HOME,1,26.4,10.595596569644707,3.350621832834417,21.0,32.0,10,5
Guimaraes,HOME,2,67.77777777777777,11.734327609387954,3.9114425364626513,61.0,75.0,9,4
Moreirense,HOME,1,25.142857142857142,14.57656305430709,5.509422973106951,16.0,35.5,7,4
Moreirense,HOME,2,65.66666666666667,16.843306376628366,4.8622437352948635,48.5,81.0,12,6
Moreirense,AWAY,1,15.666666666666666,11.465891446663303,4.680930581744523,9.0,19.0,6,4
Moreirense,AWAY,2,74.7,15.32644772933376,4.846648326421053,62.0,88.5,10,4
Nacional,HOME,1,25.5,19.180719485983836,7.830495940019807,8.25,42.5,6,4
Nacional,AWAY,2,68.33333333333333,12.741009902410928,7.356025496904637,60.0,83.0,3,3
Nacional,AWAY,1,28.857142857142858,13.897584579446068,5.252793231671496,22.0,38.5,7,6
Nacional,HOME,2,74.46153846153847,14.251405688652754,3.952628765990515,60.0,89.0,13,4
Rio Ave,HOME,1,25.333333333333332,13.289321299677445,3.8362966148581004,13.75,38.5,12,6
Rio Ave,HOME,2,71.5,13.126309458488324,5.358793396527494,64.75,80.5,6,5
Rio Ave,AWAY,2,70.5,15.032017112202157,4.017475561855964,61.75,82.25,14,5
Rio Ave,AWAY,1,29.0,5.5677643628300215,3.2145502536643185,24.0,35.0,3,3
Santa Clara,AWAY,1,16.833333333333332,12.828354012369111,5.237153595014928,6.75,22.75,6,4
Santa Clara,AWAY,2,67.66666666666667,15.095253117012204,6.162611279139532,54.5,76.75,6,4
Santa Clara,HOME,1,14.6,11.0589330407594,4.945705207551295,8.0,19.0,5,3
Santa Clara,HOME,2,75.57142857142857,11.801936887041649,4.460712855998856,67.5,84.0,7,4
Sporting Braga,HOME,1,22.3,13.984515246037907,4.422292015082977,9.25,32.5,10,6
Sporting Braga,HOME,2,71.33333333333333,15.781846110853657,6.442911695119771,60.5,82.75,6,4
Sporting Braga,AWAY,1,26.615384615384617,11.034328717978736,3.060372152538243,19.0,32.0,13,6
Sporting Braga,AWAY,2,75.8,15.801898620102586,7.066823897621901,71.0,88.0,5,4
Sporting CP,AWAY,1,18.875,13.163124900374422,4.653867439330125,10.25,24.5,8,6
Sporting CP,AWAY,2,74.11111111111111,14.945270526528155,4.981756842176051,62.0,90.0,9,5
Sporting CP,HOME,1,22.571428571428573,12.752217360876799,4.819885114502918,15.0,28.0,7,3
Sporting CP,HOME,2,71.46153846153847,13.28291750467108,3.6840184731422894,62.0,76.0,13,6
Tondela,AWAY,1,33.7,10.044899203078147,3.1764760348537178,26.5,42.0,10,6
Tondela,AWAY,2,72.25,10.606601717798213,3.75,62.75,77.75,8,5
Tondela,HOME,2,80.14285714285714,12.97983784475717,4.905917570738867,71.0,90.0,7,4
Tondela,HOME,1,30.5,17.67766952966369,12.5,18.0,43.0,2,2
Adelaide Utd,HOME,2,72.0,12.596295751794122,4.760952285695232,64.0,81.5,7,3
Adelaide Utd,AWAY,1,27.8,16.589153082662175,7.418894796396562,13.0,45.0,5,3
Adelaide Utd,AWAY,2,67.25,11.926860441876563,5.963430220938282,61.0,75.25,4,3
Adelaide Utd,HOME,1,22.333333333333332,15.37313674346694,8.875684637129565,12.0,40.0,3,1
Auckland,HOME,1,24.333333333333332,15.992185591719476,5.330728530573158,14.0,41.0,9,5
Auckland,HOME,2,71.5,11.561430130683084,5.780715065341542,67.75,79.25,4,2
Auckland,AWAY,1,14.666666666666666,17.214335111567145,9.938701010583719,1.0,34.0,3,1
Central Coast,HOME,1,19.0,12.274635093014645,6.137317546507322,11.5,28.5,4,2
Central Coast,HOME,2,74.0,19.697715603592208,11.372481406154654,52.0,90.0,3,2
Central Coast,AWAY,2,68.33333333333333,18.77054430040145,10.837178804672574,57.0,90.0,3,2
Central Coast,AWAY,1,16.6,14.791889669680478,6.615134163416491,9.0,23.0,5,1
Brisbane Roar,HOME,1,23.666666666666668,18.14754345175493,10.47748909700114,3.0,37.0,3,3
Brisbane Roar,AWAY,1,35.0,14.798648586948742,8.544003745317532,18.0,45.0,3,2
Brisbane Roar,AWAY,2,83.0,9.899494936611665,6.999999999999999,76.0,90.0,2,1
Brisbane Roar,HOME,2,84.0,7.0710678118654755,5.0,79.0,89.0,2,1
Macarthur FC,AWAY,1,37.0,0.0,0.0,37.0,37.0,1,1
Macarthur FC,HOME,1,19.333333333333332,22.678918257565403,13.093679560934905,2.0,45.0,3,2
Macarthur FC,HOME,2,75.0,11.832159566199232,5.916079783099616,65.5,83.5,4,3
Macarthur FC,AWAY,2,83.0,7.0,4.041451884327381,76.0,90.0,3,2
Melbourne City,AWAY,1,17.142857142857142,12.482368517614107,4.717891838666985,11.5,21.0,7,4
Melbourne City,HOME,1,20.5,21.920310216782973,15.499999999999998,5.0,36.0,2,1
Melbourne City,HOME,2,87.0,4.242640687119285,2.9999999999999996,84.0,90.0,2,1
Melbourne City,AWAY,2,72.66666666666667,15.50268793897798,8.950481054731702,55.0,84.0,3,2
Newcastle Jets,AWAY,1,23.0,13.063945294843617,4.937707198786941,14.0,30.5,7,3
Newcastle Jets,AWAY,2,84.5,5.802298395176403,2.9011491975882016,79.75,89.25,4,2
Newcastle Jets,HOME,1,22.555555555555557,12.501111061732786,4.167037020577595,14.0,27.0,9,4
Newcastle Jets,HOME,2,69.42857142857143,14.751916743903065,5.575700437985317,56.5,79.0,7,3
Melbourne V.,AWAY,1,19.666666666666668,14.528133626404552,5.931085716610221,11.75,23.75,6,3
Melbourne V.,AWAY,2,68.85714285714286,13.740797786501473,5.193533394101385,56.5,77.5,7,3
Melbourne V.,HOME,1,2.0,0.0,0.0,2.0,2.0,1,1
Melbourne V.,HOME,2,55.0,0.0,0.0,55.0,55.0,1,1
Perth Glory,HOME,1,25.6,13.24009063413087,5.921148537234985,16.0,30.0,5,3
Perth Glory,HOME,2,60.0,7.937253933193772,4.582575694955841,54.0,69.0,3,3
Perth Glory,AWAY,1,23.5,16.13484841370793,8.067424206853966,12.5,36.5,4,2
Perth Glory,AWAY,2,81.4,9.581231653602789,4.28485705712571,79.0,88.0,5,3
Sydney FC,AWAY,2,63.42857142857143,14.31615803741985,5.410999128130206,53.0,69.5,7,3
Sydney FC,HOME,2,74.0,13.21615173439934,4.99523582550223,64.0,83.0,7,3
Sydney FC,AWAY,1,9.5,2.1213203435596424,1.4999999999999998,8.0,11.0,2,1
Wellington,AWAY,1,19.6,16.592166826548002,7.420242583635659,7.0,26.0,5,3
Wellington,AWAY,2,65.6,11.802542099056458,5.278257288158659,55.0,72.0,5,3
Wellington,HOME,2,75.0,14.317821063276353,6.4031242374328485,74.0,83.0,5,3
Wellington,HOME,1,19.8,17.398275776639476,7.780745465570763,9.0,34.0,5,3
WS Wanderers,HOME,1,15.285714285714286,12.297889869326983,4.648165463585688,10.0,18.0,7,2
WS Wanderers,AWAY,1,17.666666666666668,14.294521094927712,8.252945602093298,2.0,30.0,3,3
WS Wanderers,AWAY,2,71.0,9.848857801796104,5.686240703077327,63.0,82.0,3,2
WS Wanderers,HOME,2,51.0,0.0,0.0,51.0,51.0,1,1
Bayern Munich,HOME,1,26.42105263157895,13.338814662787213,3.060133954826738,19.5,37.0,19,7
Bayern Munich,HOME,2,74.85714285714286,11.746404640485615,3.1393586922220504,64.25,84.0,14,6
Bayern Munich,AWAY,1,30.0,14.98888477061141,5.665265933320173,27.0,41.0,7,4
Bayern Munich,AWAY,2,72.61538461538461,14.997435678244361,4.1595402567987,64.0,83.0,13,5
E. Frankfurt,HOME,1,24.5,14.101671633432076,4.9856938190329,18.75,32.75,8,4
E. Frankfurt,HOME,2,68.08333333333333,15.877132402714707,4.583333333333333,54.5,81.0,12,6
E. Frankfurt,AWAY,1,26.375,15.248497193712785,3.8121242984281962,14.0,39.0,16,6
E. Frankfurt,AWAY,2,72.66666666666667,16.46930767330841,4.252356956152632,57.0,88.5,15,6
FC Augsburg,AWAY,1,29.75,13.27420601974165,3.8319332093881964,17.5,42.75,12,4
FC Augsburg,AWAY,2,67.0,15.57470476675011,5.506489677773724,54.0,77.75,8,5
FC Augsburg,HOME,2,63.75,10.880549785574424,3.1409441738162593,55.25,70.75,12,5
FC Augsburg,HOME,1,24.1,13.345411196362592,4.220189569201839,15.0,34.75,10,5
Dortmund,AWAY,1,34.875,7.586407017064892,2.6821999233038967,31.5,40.25,8,6
Dortmund,AWAY,2,75.45454545454545,12.667783044902816,3.8194802986880445,66.0,85.0,11,4
Dortmund,HOME,1,28.166666666666668,14.07716827585245,5.74697988318889,20.75,39.25,6,4
Dortmund,HOME,2,75.14285714285714,17.17972226617349,6.493324672779149,64.5,89.5,7,3
FC Koln,AWAY,2,82.0,12.918548250050733,4.085203653294275,71.25,90.0,10,5
FC Koln,HOME,1,25.714285714285715,16.24514579512175,6.140087969411256,14.5,37.0,7,4
FC Koln,HOME,2,70.86666666666666,15.918841786057296,4.110227275220709,57.5,83.5,15,5
FC Koln,AWAY,1,28.333333333333332,15.763882770434446,5.254627590144815,16.0,44.0,9,5
FSV Mainz,HOME,2,79.71428571428571,12.009916537515789,4.539321774986957,73.5,88.5,7,5
FSV Mainz,AWAY,2,71.3,14.907492523336488,4.714163057567411,60.25,82.25,10,6
FSV Mainz,AWAY,1,20.88888888888889,14.443376028862197,4.814458676287399,9.0,26.0,9,5
FSV Mainz,HOME,1,29.444444444444443,13.058628479965948,4.352876159988649,24.0,40.0,9,5
Freiburg,HOME,2,73.44444444444444,16.97138113937041,5.657127046456804,58.0,87.0,9,5
Freiburg,HOME,1,24.25,15.154507280314029,4.374729428862724,12.75,38.5,12,6
Freiburg,AWAY,2,66.0,14.338758663147937,4.323298404101791,54.5,79.5,11,4
Freiburg,AWAY,1,26.571428571428573,11.530497862294625,4.358118548056209,19.5,34.0,7,4
Hamburger SV,HOME,1,18.0,12.743625857659193,5.202563470700446,10.5,18.5,6,5
Hamburger SV,HOME,2,68.88888888888889,16.22840445364581,5.409468151215269,59.0,90.0,9,5
Hamburger SV,AWAY,1,22.833333333333332,15.025533823018291,6.13414849655417,13.0,28.25,6,3
Hamburger SV,AWAY,2,65.625,17.711477311941785,6.26195285605286,49.5,79.5,8,4
Heidenheim,HOME,1,34.0,9.674709297958259,3.9496835316262997,29.75,42.0,6,4
Heidenheim,HOME,2,66.58333333333333,14.816810682055662,4.277244817908279,54.75,77.75,12,5
Heidenheim,AWAY,2,71.1,15.793458561484668,4.994330118577799,60.0,87.0,10,6
Heidenheim,AWAY,1,28.88888888888889,15.608046357924206,5.202682119308069,18.0,43.0,9,4
Hoffenheim,AWAY,1,21.11111111111111,16.197564974745774,5.399188324915258,8.0,31.0,9,5
Hoffenheim,AWAY,2,61.833333333333336,12.246211535397261,3.535176763257355,51.75,72.25,12,5
Hoffenheim,HOME,2,72.77777777777777,15.506271132817343,5.168757044272447,63.0,82.0,9,4
Hoffenheim,HOME,1,26.75,12.983380985636284,3.747979253524289,16.75,39.5,12,6
Leverkusen,HOME,1,24.5,14.569582261435201,4.2058761203100055,14.5,35.0,12,6
Leverkusen,HOME,2,65.6,16.674664747587716,5.272991982209384,52.0,79.75,10,7
Leverkusen,AWAY,1,28.0,12.346196638178553,3.1877742645778353,24.0,34.5,15,5
Leverkusen,AWAY,2,74.125,13.829962297231946,4.889630061963495,62.5,87.75,8,4
Monchengladbach,AWAY,2,73.77777777777777,11.200198410940962,3.7333994703136537,70.0,80.0,9,6
Monchengladbach,HOME,1,28.875,14.004463574160917,4.951325580084589,15.0,40.5,8,3
Monchengladbach,HOME,2,73.3076923076923,12.29759200944515,3.4107383503685176,64.0,81.0,13,4
Monchengladbach,AWAY,1,27.0,15.811388300841896,6.454972243679029,17.75,38.25,6,3
RB Leipzig,AWAY,1,23.857142857142858,12.611698737876077,3.3706182673101157,12.0,36.5,14,6
RB Leipzig,AWAY,2,69.16666666666667,8.931218655181759,3.646154747736915,64.25,76.25,6,3
RB Leipzig,HOME,2,63.888888888888886,15.648038570731833,5.216012856910611,50.0,78.0,9,4
RB Leipzig,HOME,1,35.833333333333336,14.17627125398871,5.787438504592895,28.25,45.0,6,3
Sankt Pauli,HOME,2,70.66666666666667,12.83697311627156,3.7057149421296876,58.75,79.25,12,5
Sankt Pauli,HOME,1,31.375,11.783008347374015,4.16592255260293,22.75,41.0,8,5
Sankt Pauli,AWAY,1,27.0,17.832554500127006,6.740072064048827,12.5,41.5,7,6
Sankt Pauli,AWAY,2,66.28571428571429,17.46152232495099,6.599835083488957,52.5,79.5,7,5
Stuttgart,AWAY,2,75.5,15.611961226358888,3.902990306589722,62.5,89.25,16,7
Stuttgart,AWAY,1,28.7,13.695498043761193,4.330896750866576,18.5,39.5,10,7
Stuttgart,HOME,2,70.6,13.08816259067712,5.853204250664759,65.0,79.0,5,5
Stuttgart,HOME,1,31.285714285714285,14.20931954404439,5.370617973284451,22.0,42.0,7,3
Union Berlin,HOME,1,32.3,13.992458286122881,4.424803824904432,26.25,44.5,10,5
Union Berlin,HOME,2,77.4,15.52918399516071,4.910759162854105,73.5,89.0,10,5
Union Berlin,AWAY,1,34.5,13.780420893427022,5.625833271614082,32.25,44.0,6,4
Union Berlin,AWAY,2,67.0,14.696938456699069,5.196152422706632,55.25,80.25,8,4
Werder Bremen,AWAY,2,69.28571428571429,13.702490348773896,3.6621445879063206,63.5,80.75,14,6
Werder Bremen,AWAY,1,27.285714285714285,10.028530728448139,3.7904283318347423,22.0,31.0,7,4
Werder Bremen,HOME,1,24.142857142857142,15.635734407957642,5.909752115615952,13.5,34.0,7,5
Werder Bremen,HOME,2,77.11111111111111,12.604011707036419,4.201337235678806,72.0,90.0,9,5
Wolfsburg,AWAY,1,19.166666666666668,9.537644712750977,3.8937271490322884,16.25,26.0,6,5
Wolfsburg,AWAY,2,73.55555555555556,14.160783091968387,4.720261030656129,65.0,87.0,9,4
Wolfsburg,HOME,1,21.0,13.548267621934382,4.2843384034825664,9.0,32.5,10,6
Wolfsburg,HOME,2,71.27272727272727,16.4990357844991,4.97464646362096,56.5,89.5,11,5
